{"cameraMode":{"drawMode":0,"name":"Shaded","section":"Shading Mode"},"sceneLighting":false,"audioPlay":false,"sceneViewState":{"m_AlwaysRefresh":false,"showFog":true,"showSkybox":false,"showFlares":true,"showImageEffects":true,"showParticleSystems":true,"showVisualEffectGraphs":true,"m_FxEnabled":true},"in2DMode":false,"pivot":{"x":0.1997268795967102,"y":1.2677427530288697,"z":0.039270639419555667},"rotation":{"x":-0.040542520582675937,"y":0.1626356542110443,"z":0.0066886357963085178,"w":0.9858329892158508},"size":4.155697345733643,"orthographic":true}